,name,pair_address,token_address,created_at
0,robber dog,8Re9oJLHtrXrj6LfG7W2ugmvCygXwSgovSpqkUYhEjm2,9kskv67c4URmBKhpWLsL1UZZjeR8KYm3sRCrh9jBpump,2024-08-10 14:54:19+00:00
1,Decentralized Cat ,E5ocXyctsBpkrj229G4Q6PjRZcVbjHkG97Eat7SCSoJ3,CoydDvTvMnNeK4r4FqUCL1zjLHNY3YFNx5AQ3ny3pump,2024-08-10 16:36:00+00:00
2,DOBBY,6ww8fm39C9shAtTTM3MQFs1BjJ8yxTpKKyt6dBaQzgX,CE4vL9RG7M7hQWeC7pBAN7hxKvhtkaSpApjNVABHTUmb,2024-08-10 16:00:21+00:00
3,Four Horsemen Of Solana ,GsEJoYdRknzWaBpVJuSFtE1ws1cvJUzaekcbWTtNw2C6,7PkAUw9sYRhLbKm31aMqabd8WYTPJjpuFQCsYX1apump,2024-08-10 17:41:53+00:00
4,Solly The Shark,6FQt29srMZL3gnBQ74zkozPXHLCVuTAZpd5FWJHBNXZe,4vgYiF72P5LWCT7faKTXKQtCVJm9x37Ck14Evdz9CgNL,2024-08-10 15:02:40+00:00
5,That's fire,H4eL3xKHbeVW7ytE82NcnTpKXhYRE59mZNm37SHGZb61,4XjbB8QprYnycsFtHcjbHHkB3ytPGCyAcAouN8BUpump,2024-08-10 14:48:35+00:00
6,PINKE,6WVJSSnnSfJqiN19s2cXiHNK2shjgsuq7DNrm8dY5uvS,DjHFyTGgKWFDkSy9jrczYotxnepSmE5ny2fBhaoDpump,2024-08-10 10:26:51+00:00
7,Decentralized Dog ,CdTf46PUfCRJFuP2JtivfTAKmn4dD1kAhXpvKnToPHTV,AnsvmdYfDTg2yhgLRmNPgDk9X19wjoAB1pTphRDdpump,2024-08-10 17:49:18+00:00
8,mousi,GJd2zV55vg6WygZeg8R7RBez5h7q3JR7fgkG8m1SKKGe,ENZvDT9XbJg89MAZVcpSoLoEYYm5z8y49xmLkGEJpump,2024-08-10 18:22:54+00:00
9,wBrett,4FL4bcW7qnWATsZ3oMtvXAQZWrVxft8YKkRSVbp29284,H5onnRVYn58wr4Uw74NqToY5eTuCv6dP8AohxE5Upump,2024-08-10 16:34:45+00:00
10,WIFO,4wN1YubutEaxXiQV3hB4wm2kztUERL7dNTqF6ES5xw7r,34rfN3rtbW69pZVdvuP7c6YqhowPBTUoQWSbeteKpump,2024-08-10 11:47:43+00:00
11,Cat In Sport Mode,2cwD5PzWnsJqZqkK4VMUiVKW5yKJ2VyiF3pbfu4zg4gq,2yzueixkX3p1guGnPimNYnZyKivM3fk94smdH5Hrpump,2024-08-10 13:38:05+00:00
12,IN MEMES WE TRUST,4C7uLw4doBH67iCi8GxyTCr9R2bfFeQ1wpqUn57amgZE,jNw3UW47CkLwmrF4gQzD6GrW7DhnJVBr6H3hZZBpump,2024-08-10 18:56:51+00:00
13,Decentralized Fish,C2iZ5hKrMBNJHXzf7vDP3VJfbfFdBmG38io6cg3p2KkB,Axfoy2eyTzA9N6C3DsmgH9xczKzt4g1n6p75vLk8pump,2024-08-10 18:29:42+00:00
14,SimonsCat,CAbx1NhiJjsDYTebYGs4JKGmqV7i7mdT7rq969dwNBZR,3zDsHx1828svTTPPiLTGgYWXJikHUh9N3gyuBPeHC78A,2024-08-10 14:01:08+00:00
15,omg,AVipHd72P5us6isgYT7s2y5A8JKvXtNtnLSPmD2hQ2CZ,5NGuz7iVHKcSWPVSp49juAFTGYmPWRmM5ivDjVpdpump,2024-08-10 11:27:46+00:00
16,Noobs,BzHhi2kan3xHGNGk6Vat9vMsQUbCr5Djq5JzJ4D6ddEj,A7mGsBmVLwapPaf1kU2cEJiPCX5C6AgtuWPbi69XXEN2,2024-08-10 17:17:20+00:00
17,Kamabla,262ehbXKicG8Ducn7Q8vhUfFedMcZzV1YMpCs2svqxGE,6BuKbBATFnUF34g97Vtni5Xq8qNyzYD412SaEBoStPKU,2024-08-10 16:34:50+00:00
18,Tracer,FQEtEGwEx47szSiDXStQ3qB2AM41dWaXKKkAva6v9iLv,AkaURBsD3nVB4YSNjMQK1DRWxRSmU3SGzKnPf2WTpump,2024-08-10 15:21:09+00:00
19,Ohio Skibidi Gyat Toad,ZSz3Ld6APQPGfraW8kbQyxiSuxds2BnGiCX9tS9w6Q9,G6Ee4sRUnpo1cgBL1cBaAXtJdZF55CLw1FXnbFRVpump,2024-08-10 18:39:26+00:00
20,Berry Good Dog,CYPdCuHAbimk2Y5VBaLnKn2KSxFnKqMiQwTi2jiS5UqW,8APjeeTD6JgnC6Nh5rZpAgujokkMf9MQoxYrnquUpump,2024-08-10 17:45:35+00:00
21,41PH4ðŸ’Ž,8rH7QMJDnnhV2pdnCFjeeRnYmAFrgbQMYyGAfSQJY4ZL,DBL6QGB8L9izeX2ssnhHSbaxjv3aYLGa7tdHyPNcpump,2024-08-10 17:42:26+00:00
22,FOSTER,89YhhKBtZjMUdnNCodNnDrUZKxJGnFBvzwGfuTrf9KoX,6RrALq31vdY2MBadvSVZyL9FWDnQ17243RqijtLpump,2024-08-10 12:21:47+00:00
23,BonkMillon,8f91Jft6fQCEVBPnvQxLL352qngwjPrkU4r3EAKELAZ4,EGgWWHkq6ukvJVaRGgyvYiDxwFJBEhUGEpHjFeeUtoAG,2024-08-10 14:33:22+00:00
24,EMO TRADER,8edr35Px9LzpDJfpuxMyc4UNdUpMgQE21n7mJBN1DmVF,7sbGmK7Q7dQThwtmcWSdfa55pubkgiDxShyLVTrEpump,2024-08-10 16:32:53+00:00
25,Cult Of Boxer Brief,ER999QKF8Bvx35i8DtEPoWuxYNrjDVxYyXN7PyDW2nPg,C9KGpvkfpnE3e6pqgZePPh6ib1aTBrSVtNqeWMxqpump,2024-08-10 14:29:40+00:00
26,Decentralized Cat ,FNFMsH11x6qReD1whBZ84JSuGu21RXkAVPcxswu7wWLW,CoydDvTvMnNeK4r4FqUCL1zjLHNY3YFNx5AQ3ny3pump,2024-08-10 17:15:37+00:00
27,half dog,8EzreZ1SwhAa5m2ad8Jd5Pod6uzw4HJ9Yp8ft2phu8zC,HHgzNheRFcCZ7FD5A4NcZX9VFUMCVXMn9nivRAq8pump,2024-08-10 19:01:46+00:00
28,Soldoubler,EfwR7Ctp97kBCzEt1ZWov7dTemLBYY4PvLHTxXAtVJ5F,HeDpvtmD7NuSwAdah2DzvqzPw54BCfRA3DCqMWzP3yuy,2024-08-10 17:03:29+00:00
29,BULK,GEZGKeWyGUJvdAEcs8tnPi1VMky5uLd7ZkusAbX3TWo,AnjGBUBbAyp41Ao5HLXdPzuDcr7QQhJpywBipHRXpump,2024-08-10 18:53:38+00:00
30,Tsutsuji,BzJ83DPoYvwdEK15PCxsL1TKUE77rVbRUr2zkxsk6Gzw,4kekxArTUpoYqdhuoVxN5xQqB9vWjDQBa1WBDxPYyxwx,2024-08-10 17:32:19+00:00
31,Crocs In Sport Mode,9NBANc3WugK82guAqcMHa95FX8Jet5VmNvpsPbtXa2MF,7u6WirUYbf3kJdZQoPTCYjgU5rpVg21LuXLKmmCUpump,2024-08-10 11:04:32+00:00
32,Crypto Guardian,G4R8ZjyXAHCGHopkyT9GaArg9tPUinrwaPLvQpBfwSED,4TcL1qkzwpjW55HrmXoBL8UKC2tKEHkr7AkCxYjCpump,2024-08-10 11:38:40+00:00
33,robber dog,AruGSGPDmVnrd2kTiWHLYN53PxSo3FdXBq3rqGfH2zAN,9kskv67c4URmBKhpWLsL1UZZjeR8KYm3sRCrh9jBpump,2024-08-10 16:30:50+00:00
34,jome,72tSM4iv2989XzxyAPQT9zZ9mLRqYCiSLsy2JNbS8dX2,AtLxukaEHj7JAsK9iCg1cnrCgMERC8MMXDcCteccpump,2024-08-10 15:26:22+00:00
35,Solly The Shark,8nkp3tUDqvog8rJWCBQjBgw5PJEFV7BQn52hDi3ZdvFR,4vgYiF72P5LWCT7faKTXKQtCVJm9x37Ck14Evdz9CgNL,2024-08-10 16:09:34+00:00
36,Four Horsemen Of Solana ,3FCENqN8oKHGAJKCD1pLiwPqq7432QWUWhEa5sAPUuWc,7PkAUw9sYRhLbKm31aMqabd8WYTPJjpuFQCsYX1apump,2024-08-10 18:41:56+00:00
37,Crying Cat,5mPPpH6yL7ionzsk91zJdLKKE9NMEiFqPYv8TLyao2dt,Ep5tnKTSkLDeQ12ctS3RhQNcbcApkcyJcGPgHh4dpump,2024-08-10 16:12:59+00:00
38,Crocs In Sport Mode,9g5JF5jC8WeNM1ySGqGX1hWdyModfQkZQRGwbwk9sr76,7u6WirUYbf3kJdZQoPTCYjgU5rpVg21LuXLKmmCUpump,2024-08-10 14:19:55+00:00
39,Bibble,8XUPB6xqKySAF8Bv65FZAtJdRKsDKYGVo1M32552odvX,5SG1UvRTGPGG5PmUSxzyEUgKrhZghPGFFLS2x7PRpump,2024-08-10 16:41:09+00:00
40,ï¼·ï¼©ï¼¤ï¼¥ ï¼¤ï¼¯ï¼§,DTzkg5gGXUqT4AT9EDWwyX5B4toisPa3R1ZKezyqaiw4,7rnGHcJznLfxc4UmYU7NRK3RaCXboEZ36HDHpuL5pump,2024-08-10 18:50:05+00:00
41,Ginnan the Cat,At1mGoYGkckVCYsMwvRwLD7N3s6uAALHXeoV7xkoQAdu,GinNabffZL4fUj9Vactxha74GDAW8kDPGaHqMtMzps2f,2024-08-10 16:59:12+00:00
42,meme,AKbaM9TAVG5utxR7G6LsEjYaXYtAgn1vekLi7Vmn7tgN,5bpj3W9zC2Y5Zn2jDBcYVscGnCBUN5RD7152cfL9pump,2024-08-10 09:48:01+00:00
43,BILL THE BEAR,7y3aYsM72Abhu8VJC67iTcRcw35ffKj35PTPnYbvX2jH,5o817YNoR97F1h5suzBghwc8dP53oureRuFbgJiaCFuZ,2024-08-10 15:10:48+00:00
44,Popcat,B1rokCemLwRePGS5mWZvWCWdkWaSQED9UpC67PwGAWWx,7GCihgDB8fe6KNjn2MYtkzZcRjQy3t9GHdC8uHYmW2hr,2024-08-10 14:44:49+00:00
45,Freedom of Speech,7hxsSafSUekttZt1qwAoe4nnLbWfqhzK3cSNadGrp4va,9JAqnBBhxg8wKHN2TpswSL7dMnDtMoRXHB64zNmgpump,2024-08-10 13:28:44+00:00
46,BILLY,7XdGbBLDvYr9WNficMcu9UfpSPEmz6oTSHV3dpea25pF,3B5wuUrMEi5yATD7on46hKfej3pfmd7t1RKgrsN3pump,2024-08-10 09:26:51+00:00
47,Neiro,8gdRKmmBDtjoSJ1sMRYhkrNvjtJbWzmBShYZrfWKetgZ,CTg3ZgYx79zrE1MteDVkmkcGniiFrK1hJ6yiabropump,2024-08-10 10:17:39+00:00
48,Laser Shark,B6178uNU2nrDBF3w1g54L7dSBqeBp2cVZsWJ42dmC14H,97ZBmZsnzo8yTenHDr7ykrxx4Vf4YRjGm6oNvMMLpump,2024-08-10 17:51:44+00:00
49,GoblinShit,34m7D5uL8KKyxZdnEFMsqM1B3VFgKiDbTayhnAry9pHz,dp4dwdJYSjUi3pD3C8GLqJhe7UytE9RPGrBQRhkd6eF,2024-08-10 13:10:18+00:00
50,ZynCoin (Wormhole),uKGKY4hvmDyake3rzB8UCQUwk4ix16zRwYBch2jnDAM,PzuaVAUH2tfxGZcbBR6kMxeJsBngnsPLFotGJNCtcsd,2024-08-10 13:07:00+00:00
51,Popcat,GzhPdYQeqEKJ9AVx3knub41GKQTp1vNHwCX4zWU7Gqgn,7GCihgDB8fe6KNjn2MYtkzZcRjQy3t9GHdC8uHYmW2hr,2024-08-10 14:50:01+00:00
52,Y THO,a6eehdZc43FXjNpADG73wkP5PggqdASEedizEXhXgJU,AfXRqsG4PhEJyXfNiqeZf9cWVNkSA9YannF1ttvP9fsm,2024-08-10 10:41:48+00:00
53,GABY,8CiBsyYici6kB5TAGFTYJvPoNhopMiNuGvBU3ny2ZWKQ,6dYQhExzb8Fiyv4nKUgiLEbPHaxiQbDTNpFscKjspump,2024-08-10 13:14:52+00:00
54,MOTHER IGGY,4cuY2pSwC3QEt17G1niAm2MiKZvbkfekN6q1VQqcjcNw,3S8qX1MsMqRbiwKg2cQyx7nis1oHMgaCuc9c4VfvVdPN,2024-08-10 13:01:01+00:00
55,Moutai,4K1egqNr9CNUxwsm8xWEGmUy9yTqv9T9BXq66CmGP5pc,45EgCwcPXYagBC7KqBin4nCFgEZWN7f3Y6nACwxqMCWX,2024-08-10 14:58:02+00:00
56,WHAT,9YinDxhTQk49CbrLDUEFAdeLyGLaYsdHGDSiU4vHfD8s,HypeCBqmisSHKAyTdGdVdrea6Y2Xi7JrtPFVmgRSpump,2024-08-10 14:22:05+00:00
57,side eyes horse,CtBhK58VyWqZQMnXkmtiwuUkJaZPktuHHCwDgGcC1F4C,2pC7bjmoJTbFFnhLg81wP5G9T7irktJXKqwh3nECpump,2024-08-10 13:12:22+00:00
58,Orca,ARC6aSSMXBdQFA5KZfWEuM3MD4qUsAYC6mM7curMdiKf,orcaEKTdK7LKz57vaAYr9QeNsVEPfiu6QeMU1kektZE,2024-08-10 12:00:56+00:00
59,Kamino,jTBtfn1j9zwSFVbfH5vHLWoFKQHn6jtcRicCwMtBQbr,KMNo3nJsBXfcpJTVhZcXLW7RmTwTt4GVFE7suUBo9sS,2024-08-10 12:09:37+00:00
60,gary,3AUd59kfancXfrnx6nVUT8QYFZixSQ6nrYaSnRwHQ3cD,DJqCrYHLZvrqATkzvoVuJ2PmuqhjB5LC17cC5QMHpump,2024-08-10 15:58:29+00:00
61,Trumpu,6CMQkTysRVUHT5UCvenbEgchpDTKYZbs9B4xAXpzxNLQ,HjsD3MS8c5KYx2ZW7H37348q6vkjiNY5DQfkJRP831GN,2024-08-10 14:10:27+00:00
62,hop,2tgkECgXM9dQsNc3Z9KbWDLiwmJYuR6FwjNwAgPht9sd,FVoXNcLQFGLGQmV9iKJuToRb9ET6yLBJeJuLEDvhpump,2024-08-10 15:44:34+00:00
63,king ,Fom1gjf3kFWRLyje84yiWCL4hvBUDFizqtiK9M8LiUiH,FDUjwSyWYeEvwaMjxHp4hGbGzX65xLuskjnQJPs8pump,2024-08-10 14:58:37+00:00
64,Baby Frosty,BUPrnCs8E2nyv6myrtZGrR9rBebW1xGvq82FNNncoJ8q,4PqHDB6UovVqupTJy3yoRiK7VxDP68oHy6EhtYhBbw1J,2024-08-10 15:12:36+00:00
65,El Shiba Kai,4MdPwiGQANJwbgkFRgxPEPiYyu2YJir8FQVSGUg3M4NZ,EbmWia4n6h6ZPcZHn8kpmDFbPoC1BM4SDreEyBM5pump,2024-08-10 10:59:54+00:00
66,Basic Token,J4soZgkuXkc6HEg9PVuXgLYuMFCHBLF17fdPbXysDKV3,FsqNv4tckTEpFi62K1HVA6xUrCHTCZPXcNAW5gMZD69o,2024-08-10 18:16:33+00:00
67,Doge's Sister,BbeEJF5xfoRY9P3fqTWi868f7c5DfVKW1oqcVk7uP5HG,StXibn3XgKCcJbqaB7jAQjavJhTr2dHndQqPD5upump,2024-08-10 16:49:54+00:00
68,Tin Foil Cat,4KP2QAAFUKNAfZZ9eYTQhUnVrxjeUXvXJDvNHXPmbamy,GVimvq4FW3wJy4ozEXJd3X53uo2Rq3x45nnCJBAupump,2024-08-10 12:04:04+00:00
69,hat shelled pug turtle,BdDwYftsKGyMaEesgsH28vCFpqWGNMxNax23mF5uUMFj,H6cDdNkxwHn5PJT2Ywvuhqid2WZqGBKCXbtsHGrhpump,2024-08-10 14:52:32+00:00
70,oljo,EGsJ6dYnQgav1Zn7ohxVc533ntXQzLxF37Thr3dmen5n,7DRFsnoPuSm2MorNUYC7Wbd5eQZ9gvWvhmhDWRyJpump,2024-08-10 13:36:26+00:00
71,Dark Hero,pbno7E1UNVqbHc73tQJ95iHjhfjxfndzQY7upLetFBe,22HDNmAAYhHTTa68iWZHXaZt2rPwGcQYASTiedKwpump,2024-08-10 12:03:20+00:00
72,Dobby,HTRtjwibT9LJKLVkjxwKqKF2uWG6eiyjrQdNDtdTiGdZ,9WW6MicT6BybymufTVyauc2N8uG5MWNikK6KaSmUpump,2024-08-10 15:59:26+00:00
73,The Dark Pepe Meme,7yGQ4h7cNx5oKkDdA3DGCXna9ZmKVtQf18omdMSPo5ha,6oKzz8WNGZkox6dRhVJ58yVwX1XdfSy8EjkKLYRGpump,2024-08-10 13:04:25+00:00
74,robber dog,7HGwm6fCoavP4AGk7doYtgMZATWGfn2GSpNsEtPVUEYi,6uxY7FR8cKx1u941Fq3PvxhpRexKDjuM9prLs3wH1Pvx,2024-08-10 17:21:17+00:00
75,Crocs In Sport Mode,jWGPt8v9rPoLB9tT9d8AWssgxnqsiH25h2yJG3CQh2a,EnWUURhs59gWyVowiUM4CqFk4NG8iLFYuVW9TRch6Pdc,2024-08-10 18:01:01+00:00
76,shibainuharrybpotterbigbunda,CZzM6BAVasSngjGnxEKUrNcqZ42Vsg73VxsGmmAJ63SA,97y1UnhmnE16h4tT2jKXC3Zivr6Fw1abHbrYXQWpump,2024-08-10 18:11:26+00:00
77,Non-Playable Coin (Wormhole),FAn5gzoJMYriKeCoJzLTCepE9Y36oN3CidoF4dmgFNh9,BeGY8KqKxboEwRbJd1q9H2K829jS4Rc5dEyNMYXCbV5p,2024-08-10 15:53:59+00:00
78,Croc Cat,HifqVx3tGCPHWyYSUHWECcUpbUfYRxiCgXkXZcUjF1MM,Gc8rbtrdWhVadzWPenpVKp7V1TDLhoUn29sKU6JZpump,2024-08-10 11:39:46+00:00
79,Dog On Coke,BrFESZMpnSLS42Dp5yjr6hbH56NWCXkn7Y3WrJj3jYJu,3HxeA9KHReAaTJvHfhs1nziWeRi834rRvk3WVikJpump,2024-08-10 09:27:53+00:00
80,Krazy Neiro,CSp3ja6JudX7SUAxzXK5QpAYnGRKnMjcS24hgaBBk99T,2iycbo9BSzMHNaDFsHJaU3dvAJ681sSofw2uKt54ZKtG,2024-08-10 15:10:46+00:00
81,DOG WIF GYATT,AMciFWiertMJVi58RQsQLWSfG19tgKjW9ckTJZWKCBwS,2icVLgfXwJs9qUe45Z4v2rEZ6X8sSrBKUthuekx3PPEk,2024-08-10 13:32:26+00:00
82,Catizen,AFXzUbjTxEgCsf23Q75V1tKN5unBVx4sqQvQhx4UJCaD,CqCYkWy6kKzvqcbxuEhJ6FYfPsCjDxodRWeEXdpZaGLV,2024-08-10 12:28:10+00:00
83,W,4FjzKQRJQZ3TqMTV7DuCwbmwPk71KRATewdTsdvTNVCt,9gdgkSbuVXVRRBgU2We22f5qwFj4RV9ZoGQDzZiCdnro,2024-08-10 11:37:03+00:00
84,Pika,Bs4XhMLs36u2c74d2m5u7WDW27PGuK9rrws2juP8gtv4,8GRu5yBCvYyacqSFuFTwdn4qanTgEgbebvB5S8KPH3L8,2024-08-10 11:58:36+00:00
85,Leo ,68upR8vRkLd9u2F2wTUCSy5iaZkukguHNsxVCYiwhxP1,5B588GacJHd31fqExX3bbzaqtLi4VrHrQ5kCBS9spump,2024-08-10 16:18:04+00:00
86,tedy,2xDCvszAZ4XDMaVPgZ3e3KcRwmasHJZqhVCjVciYDv15,HfPsgpY7HQvT8j3yH7VHScqxEcDKMBtJ62vcSwRugZUu,2024-08-10 12:06:19+00:00
87,Decentralized Ape,C5HppNb9osnhSFzqSjYKHo8WRYPqkULE1SXEoRAyVAb6,82SBH9biEFc2eE3aHzrLxz6EaXPeoLC2Js4zVRDEpump,2024-08-10 18:02:05+00:00
88,RedDevilCoin,DKjC9BkWEqfhF4Zyz1f6JzPk1GRBJgCVYDzpMdUQzwB6,3RowPBgsjU3PxZaNTFQDiHjCTqCQgwKwgWSMDLRTHdkp,2024-08-10 18:57:42+00:00
89,huh,FHtk9DQ4ktb6ztSTrbCinCZ4wWxqGQ3r3xgpiYYQA6pW,CCZ2va3Q6oijmVNAdjJPoM8BnXB5XzDQd6U3GSM8pump,2024-08-10 09:18:38+00:00
90,â†º,GqRZ8D6qxQhctsbG8h9o7nwtaBmk7Zp1M2jhiTYKqGsD,tAmowCncnfGjYBFkNHnsZcLNKB9AxatKbU7uZVapump,2024-08-10 18:05:20+00:00
91,Gulden Coin,8YNxXw7BjofZkwvzmHWCTaoQvzbXYRph9hEnpePH6CEH,CN4w2SzWKuFcWMFA6ofsTBipGM5xxQRvDqBZL3DFpump,2024-08-10 11:11:46+00:00
92,C4B41,3HzoDtG1f4NvH9rWQiLPLEhEeTFDi4Buw1j6mfENbzkK,368NsBkTtnW8cHUsobsMzi9ud8MKoZ2Vdsp35x8xpump,2024-08-10 16:56:08+00:00
93,PINKE,2FWuE7sWyqgtN5WExzh21Va8JVFgNQqWfgQLiTTwEhJU,GTKLUzc2H8ckhE16P4cdJkB25hptB5tkHY2Fxbt54vnn,2024-08-10 11:05:15+00:00
94,Spacebar,Fpo2RPaRwk2Y4ErPpxcbDHwpMLHb8FVaRmhW9sXZD8q3,8SdWn8wAnpRq8wRSGZ7dU8Y41GAcrVAaEbTUjMgTpump,2024-08-10 18:32:40+00:00
95,WEMBY,AT7kcb5cfPavSQfZAorVLwN3bSe8UYKLtPQUzZd2y9J5,7eYVkgPx9ZwehZPrGqdFyttt9qhzE9KShjUdrW3Xpump,2024-08-10 18:15:46+00:00
96,ElonMuskTrumpHarris69Inu,5LKoTfu5y8byysEBAfnvL4dSb3wfNYEQL5UrwBLwQsbJ,H3YrqLExjkNLydR3wTaKDSQG7645dZvXSuknVx6Epump,2024-08-10 18:51:20+00:00
97,Tsutsuji,5sjKY3YN7KXqmZ81DgXfzxiGEFVyKTPyUwt3M5PqDEbt,wK3cLN9TUdCZHJP75cFSAqGqCRaMjSGzBZvQiz8pump,2024-08-10 09:22:56+00:00
98,SONK69420,8PpPhULuhpQAr48AMwgRiTUhQ5jNefSUwKXCD3hCYNWT,E9hah8pbpdxxMxPg61evukgQNUJLxpZ62xmP3dbt4WjJ,2024-08-10 19:03:59+00:00
99,Guardian Dog,GEhhc7FqDDxZP1Fz7GiiS9RabNEAuLmyMnPvdj6ksp49,CXVxvyVyhcz3Z2ApVKvK3uLV9RJE3TR7RvXeAMhLpump,2024-08-10 09:16:30+00:00
